{"cameraMode":{"drawMode":0,"name":"Shaded","section":"Shading Mode"},"sceneLighting":false,"audioPlay":false,"sceneViewState":{"showFog":true,"showMaterialUpdate":false,"showSkybox":false,"showFlares":true,"showImageEffects":true,"showParticleSystems":true},"in2DMode":false,"pivot":{"x":1.3495614528656006,"y":1.9125852584838868,"z":0.8414793014526367},"rotation":{"x":0.0189692210406065,"y":-0.9563185572624207,"z":0.2851635813713074,"w":0.062821164727211},"size":14.169343948364258,"orthographic":false}