{"cameraMode":{"drawMode":0,"name":"Shaded","section":"Shading Mode"},"sceneLighting":true,"audioPlay":false,"sceneViewState":{"showFog":true,"showMaterialUpdate":false,"showSkybox":true,"showFlares":true,"showImageEffects":true,"showParticleSystems":true},"in2DMode":false,"pivot":{"x":26.661888122558595,"y":-10.00135326385498,"z":9.041767120361329},"rotation":{"x":-0.20179443061351777,"y":-0.5817064046859741,"z":0.15187159180641175,"w":-0.7732729315757752},"size":52.63111877441406,"orthographic":false}