{"cameraMode":{"drawMode":0,"name":"Shaded","section":"Shading Mode"},"sceneLighting":false,"audioPlay":false,"sceneViewState":{"showFog":true,"showMaterialUpdate":false,"showSkybox":false,"showFlares":true,"showImageEffects":true,"showParticleSystems":true},"in2DMode":false,"pivot":{"x":-2.9802322387695315e-8,"y":0.8239309787750244,"z":2.9802322387695315e-8},"rotation":{"x":0.02020576409995556,"y":-0.9757404923439026,"z":0.1001240685582161,"w":0.1941891312599182},"size":3.1764206886291506,"orthographic":false}